﻿Feature,설명
Y_01,안테나 Gain 평균 (각도1)  
Y_02,안테나 1 Gain 편차
Y_03,안테나 2 Gain 편차
Y_04,평균 신호대 잡음비 
Y_05,안테나 Gain 평균 (각도2)
Y_06,신호대 잡음비  (각도1)  
Y_07,안테나 Gain 평균 (각도3)  
Y_08,신호대 잡음비  (각도2)  
Y_09,신호대 잡음비  (각도3)  
Y_10,신호대 잡음비  (각도4)  
Y_11,안테나 Gain 평균 (각도4)
Y_12,신호대 잡음비  (각도5)  
Y_13,신호대 잡음비  (각도6)  
Y_14,신호대 잡음비  (각도7)  
